Model,RMSE,MAE,R_squared,MSE
Ensemble: Linear Stacking,0.3669697063470476,0.2853160464707397,0.892006787223187,0.13466676537643835
XGBoost (CPU),0.3689011995553001,0.2851068937307389,0.8912328105330037,0.13608809503333935
Ensemble: Median,0.5423489372672672,0.39186041223036894,0.7885300986710255,0.2941423697549341
Random Forest (1000 trees),0.6236444514429647,0.4499053485607547,0.6996261763843038,0.3889324018155963
Ensemble: Weighted Average,0.9921847443241911,0.8091099163728374,0.5914356493678801,0.9844305668696606
Ensemble: Trimmed Mean,1.2762387067483207,1.03991827313358,0.4342299482040054,1.6287852366026263
DNN Advanced,3.5371670342637245,2.8636135928893043,0.05209021110993864,12.511550628282032
